{
    "conf_threshold": 0.5241907846713216,
    "kelly_fraction": 0.49822639090526033,
    "max_odds": 4.972700086620167,
    "min_edge": 0.034316058049699595
}