{
    "conf_threshold": 0.5248014823779059,
    "kelly_fraction": 0.47263723702821,
    "max_odds": 5.010008170516984,
    "min_edge": 0.0068858100564716754,
    "test_roi": 2862.285145691078
}