{
    "n_estimators": 490,
    "max_depth": 5,
    "learning_rate": 0.04239049613147435,
    "subsample": 0.6856980889217537,
    "colsample_bytree": 0.723196216044578,
    "min_child_weight": 4,
    "gamma": 2.3796953560382548,
    "reg_alpha": 1.4219852978291199,
    "reg_lambda": 0.8224888394108616
}