{
    "xgb_max_depth": 9,
    "xgb_learning_rate": 0.03512693731049242,
    "xgb_n_estimators": 185,
    "xgb_min_child_weight": 5,
    "xgb_subsample": 0.5695180204504422,
    "xgb_colsample_bytree": 0.6385073644733321,
    "siamese_n_features": 75,
    "siamese_lr": 0.0010301084366340226,
    "siamese_hidden_dim": 128,
    "ensemble_weight": 0.18802254268472818
}