{
    "min_edge": 0.013439157169557264,
    "kelly_fraction": 1.0116786548740422,
    "min_confidence": 0.45331517334617816,
    "max_odds": 5.809168562569394,
    "holdout_roi": 9.28751298751508e-17
}