{
    "min_edge": 0.021406488020206928,
    "kelly_fraction": 0.7671437007376765,
    "min_confidence": 0.5187451348839646,
    "max_odds": 5.011202753204029
}